ID,P08
1,V_8-1
2,V_8-2
3,V_8-3
4,V_8-4
5,V_8-5
6,V_8-6
7,V_8-7
8,V_8-8
9,V_8-9
10,V_8-10
11,V_8-11
12,V_8-12
13,V_8-13
14,V_8-14
15,V_8-15
16,V_8-16
17,V_8-17
18,V_8-18
19,V_8-19
20,V_8-20
21,V_8-21
22,V_8-22
23,V_8-23
24,V_8-24
25,V_8-25
26,V_8-26
27,V_8-27
28,V_8-28
29,V_8-29
30,V_8-30
31,V_8-31
32,V_8-32
33,V_8-33
34,V_8-34
35,V_8-35
36,V_8-36
37,V_8-37
38,V_8-38
39,V_8-39
40,V_8-40
41,V_8-41
42,V_8-42
43,V_8-43
44,V_8-44
45,V_8-45
46,V_8-46
47,V_8-47
48,V_8-48
49,V_8-49
50,V_8-50
51,V_8-51
52,V_8-52
53,V_8-53
54,V_8-54
55,V_8-55
56,V_8-56
57,V_8-57
58,V_8-58
59,V_8-59
60,V_8-60
61,V_8-61
62,V_8-62
63,V_8-63
64,V_8-64
65,V_8-65
66,V_8-66
67,V_8-67
68,V_8-68
69,V_8-69
70,V_8-70
71,V_8-71
72,V_8-72
73,V_8-73
74,V_8-74
75,V_8-75
76,V_8-76
77,V_8-77
78,V_8-78
79,V_8-79
80,V_8-80
81,V_8-81
82,V_8-82
83,V_8-83
84,V_8-84
85,V_8-85
86,V_8-86
87,V_8-87
88,V_8-88
89,V_8-89
90,V_8-90
91,V_8-91
92,V_8-92
93,V_8-93
94,V_8-94
95,V_8-95
96,V_8-96
97,V_8-97
98,V_8-98
99,V_8-99
100,V_8-100
101,V_8-101
102,V_8-102
103,V_8-103
104,V_8-104
105,V_8-105
106,V_8-106
107,V_8-107
108,V_8-108
109,V_8-109
110,V_8-110
111,V_8-111
112,V_8-112
113,V_8-113
114,V_8-114
115,V_8-115
116,V_8-116
117,V_8-117
118,V_8-118
119,V_8-119
120,V_8-120
121,V_8-121
122,V_8-122
123,V_8-123
124,V_8-124
125,V_8-125
126,V_8-126
127,V_8-127
128,V_8-128
129,V_8-129
130,V_8-130
131,V_8-131
132,V_8-132
133,V_8-133
134,V_8-134
135,V_8-135
136,V_8-136
137,V_8-137
138,V_8-138
139,V_8-139
140,V_8-140
141,V_8-141
142,V_8-142
143,V_8-143
144,V_8-144
145,V_8-145
146,V_8-146
147,V_8-147
148,V_8-148
149,V_8-149
150,V_8-150
151,V_8-151
152,V_8-152
153,V_8-153
154,V_8-154
155,V_8-155
156,V_8-156
157,V_8-157
158,V_8-158
159,V_8-159
160,V_8-160
161,V_8-161
162,V_8-162
163,V_8-163
164,V_8-164
165,V_8-165
166,V_8-166
167,V_8-167
168,V_8-168
169,V_8-169
170,V_8-170
171,V_8-171
172,V_8-172
173,V_8-173
174,V_8-174
175,V_8-175
176,V_8-176
177,V_8-177
178,V_8-178
179,V_8-179
180,V_8-180
181,V_8-181
182,V_8-182
183,V_8-183
184,V_8-184
185,V_8-185
186,V_8-186
187,V_8-187
188,V_8-188
189,V_8-189
190,V_8-190
191,V_8-191
192,V_8-192
193,V_8-193
194,V_8-194
195,V_8-195
196,V_8-196
197,V_8-197
198,V_8-198
199,V_8-199
200,V_8-200
201,V_8-201
202,V_8-202
203,V_8-203
204,V_8-204
205,V_8-205
206,V_8-206
207,V_8-207
208,V_8-208
209,V_8-209
210,V_8-210
211,V_8-211
212,V_8-212
213,V_8-213
214,V_8-214
215,V_8-215
216,V_8-216
217,V_8-217
218,V_8-218
219,V_8-219
220,V_8-220
221,V_8-221
222,V_8-222
223,V_8-223
224,V_8-224
225,V_8-225
226,V_8-226
227,V_8-227
228,V_8-228
229,V_8-229
230,V_8-230
231,V_8-231
232,V_8-232
233,V_8-233
234,V_8-234
235,V_8-235
236,V_8-236
237,V_8-237
238,V_8-238
239,V_8-239
240,V_8-240
241,V_8-241
242,V_8-242
243,V_8-243
244,V_8-244
245,V_8-245
246,V_8-246
247,V_8-247
248,V_8-248
249,V_8-249
250,V_8-250
251,V_8-251
252,V_8-252
253,V_8-253
254,V_8-254
255,V_8-255
256,V_8-256
257,V_8-257
258,V_8-258
259,V_8-259
260,V_8-260
261,V_8-261
262,V_8-262
263,V_8-263
264,V_8-264
265,V_8-265
266,V_8-266
267,V_8-267
268,V_8-268
269,V_8-269
270,V_8-270
271,V_8-271
272,V_8-272
273,V_8-273
274,V_8-274
275,V_8-275
276,V_8-276
277,V_8-277
278,V_8-278
279,V_8-279
280,V_8-280
281,V_8-281
282,V_8-282
283,V_8-283
284,V_8-284
285,V_8-285
286,V_8-286
287,V_8-287
288,V_8-288
289,V_8-289
290,V_8-290
291,V_8-291
292,V_8-292
293,V_8-293
294,V_8-294
295,V_8-295
296,V_8-296
297,V_8-297
298,V_8-298
299,V_8-299
300,V_8-300
301,V_8-301
302,V_8-302
303,V_8-303
304,V_8-304
305,V_8-305
306,V_8-306
307,V_8-307
308,V_8-308
309,V_8-309
310,V_8-310
311,V_8-311
312,V_8-312
313,V_8-313
314,V_8-314
315,V_8-315
316,V_8-316
317,V_8-317
318,V_8-318
319,V_8-319
320,V_8-320
321,V_8-321
322,V_8-322
323,V_8-323
324,V_8-324
325,V_8-325
326,V_8-326
327,V_8-327
328,V_8-328
329,V_8-329
330,V_8-330
331,V_8-331
332,V_8-332
333,V_8-333
334,V_8-334
335,V_8-335
336,V_8-336
337,V_8-337
338,V_8-338
339,V_8-339
340,V_8-340
341,V_8-341
342,V_8-342
343,V_8-343
344,V_8-344
345,V_8-345
346,V_8-346
347,V_8-347
348,V_8-348
349,V_8-349
350,V_8-350
351,V_8-351
352,V_8-352
353,V_8-353
354,V_8-354
355,V_8-355
356,V_8-356
357,V_8-357
358,V_8-358
359,V_8-359
360,V_8-360
361,V_8-361
362,V_8-362
363,V_8-363
364,V_8-364
365,V_8-365
366,V_8-366
367,V_8-367
368,V_8-368
369,V_8-369
370,V_8-370
371,V_8-371
372,V_8-372
373,V_8-373
374,V_8-374
375,V_8-375
376,V_8-376
377,V_8-377
378,V_8-378
379,V_8-379
380,V_8-380
381,V_8-381
382,V_8-382
383,V_8-383
384,V_8-384
385,V_8-385
386,V_8-386
387,V_8-387
388,V_8-388
389,V_8-389
390,V_8-390
391,V_8-391
392,V_8-392
393,V_8-393
394,V_8-394
395,V_8-395
396,V_8-396
397,V_8-397
398,V_8-398
399,V_8-399
400,V_8-400
401,V_8-401
402,V_8-402
403,V_8-403
404,V_8-404
405,V_8-405
406,V_8-406
407,V_8-407
408,V_8-408
409,V_8-409
410,V_8-410
411,V_8-411
412,V_8-412
413,V_8-413
414,V_8-414
415,V_8-415
416,V_8-416
417,V_8-417
418,V_8-418
419,V_8-419
420,V_8-420
421,V_8-421
422,V_8-422
423,V_8-423
424,V_8-424
425,V_8-425
426,V_8-426
427,V_8-427
428,V_8-428
429,V_8-429
430,V_8-430
431,V_8-431
432,V_8-432
433,V_8-433
434,V_8-434
435,V_8-435
436,V_8-436
437,V_8-437
438,V_8-438
439,V_8-439
440,V_8-440
441,V_8-441
442,V_8-442
443,V_8-443
444,V_8-444
445,V_8-445
446,V_8-446
447,V_8-447
448,V_8-448
449,V_8-449
450,V_8-450
451,V_8-451
452,V_8-452
453,V_8-453
454,V_8-454
455,V_8-455
456,V_8-456
457,V_8-457
458,V_8-458
459,V_8-459
460,V_8-460
461,V_8-461
462,V_8-462
463,V_8-463
464,V_8-464
465,V_8-465
466,V_8-466
467,V_8-467
468,V_8-468
469,V_8-469
470,V_8-470
471,V_8-471
472,V_8-472
473,V_8-473
474,V_8-474
475,V_8-475
476,V_8-476
477,V_8-477
478,V_8-478
479,V_8-479
480,V_8-480
481,V_8-481
482,V_8-482
483,V_8-483
484,V_8-484
485,V_8-485
486,V_8-486
487,V_8-487
488,V_8-488
489,V_8-489
490,V_8-490
491,V_8-491
492,V_8-492
493,V_8-493
494,V_8-494
495,V_8-495
496,V_8-496
497,V_8-497
498,V_8-498
499,V_8-499
500,V_8-500
501,V_8-501
502,V_8-502
503,V_8-503
504,V_8-504
505,V_8-505
506,V_8-506
507,V_8-507
508,V_8-508
509,V_8-509
510,V_8-510
511,V_8-511
512,V_8-512
513,V_8-513
514,V_8-514
515,V_8-515
516,V_8-516
517,V_8-517
518,V_8-518
519,V_8-519
520,V_8-520
521,V_8-521
522,V_8-522
523,V_8-523
524,V_8-524
525,V_8-525
526,V_8-526
527,V_8-527
528,V_8-528
529,V_8-529
530,V_8-530
531,V_8-531
532,V_8-532
533,V_8-533
534,V_8-534
535,V_8-535
536,V_8-536
537,V_8-537
538,V_8-538
539,V_8-539
540,V_8-540
541,V_8-541
542,V_8-542
543,V_8-543
544,V_8-544
545,V_8-545
546,V_8-546
547,V_8-547
548,V_8-548
549,V_8-549
550,V_8-550
551,V_8-551
552,V_8-552
553,V_8-553
554,V_8-554
555,V_8-555
556,V_8-556
557,V_8-557
558,V_8-558
559,V_8-559
560,V_8-560
561,V_8-561
562,V_8-562
563,V_8-563
564,V_8-564
565,V_8-565
566,V_8-566
567,V_8-567
568,V_8-568
569,V_8-569
570,V_8-570
571,V_8-571
572,V_8-572
573,V_8-573
574,V_8-574
575,V_8-575
576,V_8-576
577,V_8-577
578,V_8-578
579,V_8-579
580,V_8-580
581,V_8-581
582,V_8-582
583,V_8-583
584,V_8-584
585,V_8-585
586,V_8-586
587,V_8-587
588,V_8-588
589,V_8-589
590,V_8-590
591,V_8-591
592,V_8-592
593,V_8-593
594,V_8-594
595,V_8-595
596,V_8-596
597,V_8-597
598,V_8-598
599,V_8-599
600,V_8-600
601,V_8-601
602,V_8-602
603,V_8-603
604,V_8-604
605,V_8-605
606,V_8-606
607,V_8-607
608,V_8-608
609,V_8-609
610,V_8-610
611,V_8-611
612,V_8-612
613,V_8-613
614,V_8-614
615,V_8-615
616,V_8-616
617,V_8-617
618,V_8-618
619,V_8-619
620,V_8-620
621,V_8-621
622,V_8-622
623,V_8-623
624,V_8-624
625,V_8-625
626,V_8-626
627,V_8-627
628,V_8-628
629,V_8-629
630,V_8-630
631,V_8-631
632,V_8-632
633,V_8-633
634,V_8-634
635,V_8-635
636,V_8-636
637,V_8-637
638,V_8-638
639,V_8-639
640,V_8-640
641,V_8-641
642,V_8-642
643,V_8-643
644,V_8-644
645,V_8-645
646,V_8-646
647,V_8-647
648,V_8-648
649,V_8-649
650,V_8-650
651,V_8-651
652,V_8-652
653,V_8-653
654,V_8-654
655,V_8-655
656,V_8-656
657,V_8-657
658,V_8-658
659,V_8-659
660,V_8-660
661,V_8-661
662,V_8-662
663,V_8-663
664,V_8-664
665,V_8-665
666,V_8-666
667,V_8-667
668,V_8-668
669,V_8-669
670,V_8-670
671,V_8-671
672,V_8-672
673,V_8-673
674,V_8-674
675,V_8-675
676,V_8-676
677,V_8-677
678,V_8-678
679,V_8-679
680,V_8-680
681,V_8-681
682,V_8-682
683,V_8-683
684,V_8-684
685,V_8-685
686,V_8-686
687,V_8-687
688,V_8-688
689,V_8-689
690,V_8-690
691,V_8-691
692,V_8-692
693,V_8-693
694,V_8-694
695,V_8-695
696,V_8-696
697,V_8-697
698,V_8-698
699,V_8-699
700,V_8-700
701,V_8-701
702,V_8-702
703,V_8-703
704,V_8-704
705,V_8-705
706,V_8-706
707,V_8-707
708,V_8-708
709,V_8-709
710,V_8-710
711,V_8-711
712,V_8-712
713,V_8-713
714,V_8-714
715,V_8-715
716,V_8-716
717,V_8-717
718,V_8-718
719,V_8-719
720,V_8-720
721,V_8-721
722,V_8-722
723,V_8-723
724,V_8-724
725,V_8-725
726,V_8-726
727,V_8-727
728,V_8-728
729,V_8-729
730,V_8-730
731,V_8-731
732,V_8-732
733,V_8-733
734,V_8-734
735,V_8-735
736,V_8-736
737,V_8-737
738,V_8-738
739,V_8-739
740,V_8-740
741,V_8-741
742,V_8-742
743,V_8-743
744,V_8-744
745,V_8-745
746,V_8-746
747,V_8-747
748,V_8-748
749,V_8-749
750,V_8-750
751,V_8-751
752,V_8-752
753,V_8-753
754,V_8-754
755,V_8-755
756,V_8-756
757,V_8-757
758,V_8-758
759,V_8-759
760,V_8-760
761,V_8-761
762,V_8-762
763,V_8-763
764,V_8-764
765,V_8-765
766,V_8-766
767,V_8-767
768,V_8-768
769,V_8-769
770,V_8-770
771,V_8-771
772,V_8-772
773,V_8-773
774,V_8-774
775,V_8-775
776,V_8-776
777,V_8-777
778,V_8-778
779,V_8-779
780,V_8-780
781,V_8-781
782,V_8-782
783,V_8-783
784,V_8-784
785,V_8-785
786,V_8-786
787,V_8-787
788,V_8-788
789,V_8-789
790,V_8-790
791,V_8-791
792,V_8-792
793,V_8-793
794,V_8-794
795,V_8-795
796,V_8-796
797,V_8-797
798,V_8-798
799,V_8-799
800,V_8-800
801,V_8-801
802,V_8-802
803,V_8-803
804,V_8-804
805,V_8-805
806,V_8-806
807,V_8-807
808,V_8-808
809,V_8-809
810,V_8-810
811,V_8-811
812,V_8-812
813,V_8-813
814,V_8-814
815,V_8-815
816,V_8-816
817,V_8-817
818,V_8-818
819,V_8-819
820,V_8-820
821,V_8-821
822,V_8-822
823,V_8-823
824,V_8-824
825,V_8-825
826,V_8-826
827,V_8-827
828,V_8-828
829,V_8-829
830,V_8-830
831,V_8-831
832,V_8-832
833,V_8-833
834,V_8-834
835,V_8-835
836,V_8-836
837,V_8-837
838,V_8-838
839,V_8-839
840,V_8-840
841,V_8-841
842,V_8-842
843,V_8-843
844,V_8-844
845,V_8-845
846,V_8-846
847,V_8-847
848,V_8-848
849,V_8-849
850,V_8-850
851,V_8-851
852,V_8-852
853,V_8-853
854,V_8-854
855,V_8-855
856,V_8-856
857,V_8-857
858,V_8-858
859,V_8-859
860,V_8-860
861,V_8-861
862,V_8-862
863,V_8-863
864,V_8-864
865,V_8-865
866,V_8-866
867,V_8-867
868,V_8-868
869,V_8-869
870,V_8-870
871,V_8-871
872,V_8-872
873,V_8-873
874,V_8-874
875,V_8-875
876,V_8-876
877,V_8-877
878,V_8-878
879,V_8-879
880,V_8-880
881,V_8-881
882,V_8-882
883,V_8-883
884,V_8-884
885,V_8-885
886,V_8-886
887,V_8-887
888,V_8-888
889,V_8-889
890,V_8-890
891,V_8-891
892,V_8-892
893,V_8-893
894,V_8-894
895,V_8-895
896,V_8-896
897,V_8-897
898,V_8-898
899,V_8-899
900,V_8-900
901,V_8-901
902,V_8-902
903,V_8-903
904,V_8-904
905,V_8-905
906,V_8-906
907,V_8-907
908,V_8-908
909,V_8-909
910,V_8-910
911,V_8-911
912,V_8-912
913,V_8-913
914,V_8-914
915,V_8-915
916,V_8-916
917,V_8-917
918,V_8-918
919,V_8-919
920,V_8-920
921,V_8-921
922,V_8-922
923,V_8-923
924,V_8-924
925,V_8-925
926,V_8-926
927,V_8-927
928,V_8-928
929,V_8-929
930,V_8-930
931,V_8-931
932,V_8-932
933,V_8-933
934,V_8-934
935,V_8-935
936,V_8-936
937,V_8-937
938,V_8-938
939,V_8-939
940,V_8-940
941,V_8-941
942,V_8-942
943,V_8-943
944,V_8-944
945,V_8-945
946,V_8-946
947,V_8-947
948,V_8-948
949,V_8-949
950,V_8-950
951,V_8-951
952,V_8-952
953,V_8-953
954,V_8-954
955,V_8-955
956,V_8-956
957,V_8-957
958,V_8-958
959,V_8-959
960,V_8-960
961,V_8-961
962,V_8-962
963,V_8-963
964,V_8-964
965,V_8-965
966,V_8-966
967,V_8-967
968,V_8-968
969,V_8-969
970,V_8-970
971,V_8-971
972,V_8-972
973,V_8-973
974,V_8-974
975,V_8-975
976,V_8-976
977,V_8-977
978,V_8-978
979,V_8-979
980,V_8-980
981,V_8-981
982,V_8-982
983,V_8-983
984,V_8-984
985,V_8-985
986,V_8-986
987,V_8-987
988,V_8-988
989,V_8-989
990,V_8-990
991,V_8-991
992,V_8-992
993,V_8-993
994,V_8-994
995,V_8-995
996,V_8-996
997,V_8-997
998,V_8-998
999,V_8-999
1000,V_8-1000
