ID,P08,P09
1,V_8-1,V_9-1
2,V_8-2,V_9-2
3,V_8-3,V_9-3
4,V_8-4,V_9-4
5,V_8-5,V_9-5
6,V_8-6,V_9-6
7,V_8-7,V_9-7
8,V_8-8,V_9-8
9,V_8-9,V_9-9
10,V_8-10,V_9-10
11,V_8-11,V_9-11
12,V_8-12,V_9-12
13,V_8-13,V_9-13
14,V_8-14,V_9-14
15,V_8-15,V_9-15
16,V_8-16,V_9-16
17,V_8-17,V_9-17
18,V_8-18,V_9-18
19,V_8-19,V_9-19
20,V_8-20,V_9-20
21,V_8-21,V_9-21
22,V_8-22,V_9-22
23,V_8-23,V_9-23
24,V_8-24,V_9-24
25,V_8-25,V_9-25
26,V_8-26,V_9-26
27,V_8-27,V_9-27
28,V_8-28,V_9-28
29,V_8-29,V_9-29
30,V_8-30,V_9-30
31,V_8-31,V_9-31
32,V_8-32,V_9-32
33,V_8-33,V_9-33
34,V_8-34,V_9-34
35,V_8-35,V_9-35
36,V_8-36,V_9-36
37,V_8-37,V_9-37
38,V_8-38,V_9-38
39,V_8-39,V_9-39
40,V_8-40,V_9-40
41,V_8-41,V_9-41
42,V_8-42,V_9-42
43,V_8-43,V_9-43
44,V_8-44,V_9-44
45,V_8-45,V_9-45
46,V_8-46,V_9-46
47,V_8-47,V_9-47
48,V_8-48,V_9-48
49,V_8-49,V_9-49
50,V_8-50,V_9-50
51,V_8-51,V_9-51
52,V_8-52,V_9-52
53,V_8-53,V_9-53
54,V_8-54,V_9-54
55,V_8-55,V_9-55
56,V_8-56,V_9-56
57,V_8-57,V_9-57
58,V_8-58,V_9-58
59,V_8-59,V_9-59
60,V_8-60,V_9-60
61,V_8-61,V_9-61
62,V_8-62,V_9-62
63,V_8-63,V_9-63
64,V_8-64,V_9-64
65,V_8-65,V_9-65
66,V_8-66,V_9-66
67,V_8-67,V_9-67
68,V_8-68,V_9-68
69,V_8-69,V_9-69
70,V_8-70,V_9-70
71,V_8-71,V_9-71
72,V_8-72,V_9-72
73,V_8-73,V_9-73
74,V_8-74,V_9-74
75,V_8-75,V_9-75
76,V_8-76,V_9-76
77,V_8-77,V_9-77
78,V_8-78,V_9-78
79,V_8-79,V_9-79
80,V_8-80,V_9-80
81,V_8-81,V_9-81
82,V_8-82,V_9-82
83,V_8-83,V_9-83
84,V_8-84,V_9-84
85,V_8-85,V_9-85
86,V_8-86,V_9-86
87,V_8-87,V_9-87
88,V_8-88,V_9-88
89,V_8-89,V_9-89
90,V_8-90,V_9-90
91,V_8-91,V_9-91
92,V_8-92,V_9-92
93,V_8-93,V_9-93
94,V_8-94,V_9-94
95,V_8-95,V_9-95
96,V_8-96,V_9-96
97,V_8-97,V_9-97
98,V_8-98,V_9-98
99,V_8-99,V_9-99
100,V_8-100,V_9-100
101,V_8-101,V_9-101
102,V_8-102,V_9-102
103,V_8-103,V_9-103
104,V_8-104,V_9-104
105,V_8-105,V_9-105
106,V_8-106,V_9-106
107,V_8-107,V_9-107
108,V_8-108,V_9-108
109,V_8-109,V_9-109
110,V_8-110,V_9-110
111,V_8-111,V_9-111
112,V_8-112,V_9-112
113,V_8-113,V_9-113
114,V_8-114,V_9-114
115,V_8-115,V_9-115
116,V_8-116,V_9-116
117,V_8-117,V_9-117
118,V_8-118,V_9-118
119,V_8-119,V_9-119
120,V_8-120,V_9-120
121,V_8-121,V_9-121
122,V_8-122,V_9-122
123,V_8-123,V_9-123
124,V_8-124,V_9-124
125,V_8-125,V_9-125
126,V_8-126,V_9-126
127,V_8-127,V_9-127
128,V_8-128,V_9-128
129,V_8-129,V_9-129
130,V_8-130,V_9-130
131,V_8-131,V_9-131
132,V_8-132,V_9-132
133,V_8-133,V_9-133
134,V_8-134,V_9-134
135,V_8-135,V_9-135
136,V_8-136,V_9-136
137,V_8-137,V_9-137
138,V_8-138,V_9-138
139,V_8-139,V_9-139
140,V_8-140,V_9-140
141,V_8-141,V_9-141
142,V_8-142,V_9-142
143,V_8-143,V_9-143
144,V_8-144,V_9-144
145,V_8-145,V_9-145
146,V_8-146,V_9-146
147,V_8-147,V_9-147
148,V_8-148,V_9-148
149,V_8-149,V_9-149
150,V_8-150,V_9-150
151,V_8-151,V_9-151
152,V_8-152,V_9-152
153,V_8-153,V_9-153
154,V_8-154,V_9-154
155,V_8-155,V_9-155
156,V_8-156,V_9-156
157,V_8-157,V_9-157
158,V_8-158,V_9-158
159,V_8-159,V_9-159
160,V_8-160,V_9-160
161,V_8-161,V_9-161
162,V_8-162,V_9-162
163,V_8-163,V_9-163
164,V_8-164,V_9-164
165,V_8-165,V_9-165
166,V_8-166,V_9-166
167,V_8-167,V_9-167
168,V_8-168,V_9-168
169,V_8-169,V_9-169
170,V_8-170,V_9-170
171,V_8-171,V_9-171
172,V_8-172,V_9-172
173,V_8-173,V_9-173
174,V_8-174,V_9-174
175,V_8-175,V_9-175
176,V_8-176,V_9-176
177,V_8-177,V_9-177
178,V_8-178,V_9-178
179,V_8-179,V_9-179
180,V_8-180,V_9-180
181,V_8-181,V_9-181
182,V_8-182,V_9-182
183,V_8-183,V_9-183
184,V_8-184,V_9-184
185,V_8-185,V_9-185
186,V_8-186,V_9-186
187,V_8-187,V_9-187
188,V_8-188,V_9-188
189,V_8-189,V_9-189
190,V_8-190,V_9-190
191,V_8-191,V_9-191
192,V_8-192,V_9-192
193,V_8-193,V_9-193
194,V_8-194,V_9-194
195,V_8-195,V_9-195
196,V_8-196,V_9-196
197,V_8-197,V_9-197
198,V_8-198,V_9-198
199,V_8-199,V_9-199
200,V_8-200,V_9-200
201,V_8-201,V_9-201
202,V_8-202,V_9-202
203,V_8-203,V_9-203
204,V_8-204,V_9-204
205,V_8-205,V_9-205
206,V_8-206,V_9-206
207,V_8-207,V_9-207
208,V_8-208,V_9-208
209,V_8-209,V_9-209
210,V_8-210,V_9-210
211,V_8-211,V_9-211
212,V_8-212,V_9-212
213,V_8-213,V_9-213
214,V_8-214,V_9-214
215,V_8-215,V_9-215
216,V_8-216,V_9-216
217,V_8-217,V_9-217
218,V_8-218,V_9-218
219,V_8-219,V_9-219
220,V_8-220,V_9-220
221,V_8-221,V_9-221
222,V_8-222,V_9-222
223,V_8-223,V_9-223
224,V_8-224,V_9-224
225,V_8-225,V_9-225
226,V_8-226,V_9-226
227,V_8-227,V_9-227
228,V_8-228,V_9-228
229,V_8-229,V_9-229
230,V_8-230,V_9-230
231,V_8-231,V_9-231
232,V_8-232,V_9-232
233,V_8-233,V_9-233
234,V_8-234,V_9-234
235,V_8-235,V_9-235
236,V_8-236,V_9-236
237,V_8-237,V_9-237
238,V_8-238,V_9-238
239,V_8-239,V_9-239
240,V_8-240,V_9-240
241,V_8-241,V_9-241
242,V_8-242,V_9-242
243,V_8-243,V_9-243
244,V_8-244,V_9-244
245,V_8-245,V_9-245
246,V_8-246,V_9-246
247,V_8-247,V_9-247
248,V_8-248,V_9-248
249,V_8-249,V_9-249
250,V_8-250,V_9-250
251,V_8-251,V_9-251
252,V_8-252,V_9-252
253,V_8-253,V_9-253
254,V_8-254,V_9-254
255,V_8-255,V_9-255
256,V_8-256,V_9-256
257,V_8-257,V_9-257
258,V_8-258,V_9-258
259,V_8-259,V_9-259
260,V_8-260,V_9-260
261,V_8-261,V_9-261
262,V_8-262,V_9-262
263,V_8-263,V_9-263
264,V_8-264,V_9-264
265,V_8-265,V_9-265
266,V_8-266,V_9-266
267,V_8-267,V_9-267
268,V_8-268,V_9-268
269,V_8-269,V_9-269
270,V_8-270,V_9-270
271,V_8-271,V_9-271
272,V_8-272,V_9-272
273,V_8-273,V_9-273
274,V_8-274,V_9-274
275,V_8-275,V_9-275
276,V_8-276,V_9-276
277,V_8-277,V_9-277
278,V_8-278,V_9-278
279,V_8-279,V_9-279
280,V_8-280,V_9-280
281,V_8-281,V_9-281
282,V_8-282,V_9-282
283,V_8-283,V_9-283
284,V_8-284,V_9-284
285,V_8-285,V_9-285
286,V_8-286,V_9-286
287,V_8-287,V_9-287
288,V_8-288,V_9-288
289,V_8-289,V_9-289
290,V_8-290,V_9-290
291,V_8-291,V_9-291
292,V_8-292,V_9-292
293,V_8-293,V_9-293
294,V_8-294,V_9-294
295,V_8-295,V_9-295
296,V_8-296,V_9-296
297,V_8-297,V_9-297
298,V_8-298,V_9-298
299,V_8-299,V_9-299
300,V_8-300,V_9-300
301,V_8-301,V_9-301
302,V_8-302,V_9-302
303,V_8-303,V_9-303
304,V_8-304,V_9-304
305,V_8-305,V_9-305
306,V_8-306,V_9-306
307,V_8-307,V_9-307
308,V_8-308,V_9-308
309,V_8-309,V_9-309
310,V_8-310,V_9-310
311,V_8-311,V_9-311
312,V_8-312,V_9-312
313,V_8-313,V_9-313
314,V_8-314,V_9-314
315,V_8-315,V_9-315
316,V_8-316,V_9-316
317,V_8-317,V_9-317
318,V_8-318,V_9-318
319,V_8-319,V_9-319
320,V_8-320,V_9-320
321,V_8-321,V_9-321
322,V_8-322,V_9-322
323,V_8-323,V_9-323
324,V_8-324,V_9-324
325,V_8-325,V_9-325
326,V_8-326,V_9-326
327,V_8-327,V_9-327
328,V_8-328,V_9-328
329,V_8-329,V_9-329
330,V_8-330,V_9-330
331,V_8-331,V_9-331
332,V_8-332,V_9-332
333,V_8-333,V_9-333
334,V_8-334,V_9-334
335,V_8-335,V_9-335
336,V_8-336,V_9-336
337,V_8-337,V_9-337
338,V_8-338,V_9-338
339,V_8-339,V_9-339
340,V_8-340,V_9-340
341,V_8-341,V_9-341
342,V_8-342,V_9-342
343,V_8-343,V_9-343
344,V_8-344,V_9-344
345,V_8-345,V_9-345
346,V_8-346,V_9-346
347,V_8-347,V_9-347
348,V_8-348,V_9-348
349,V_8-349,V_9-349
350,V_8-350,V_9-350
351,V_8-351,V_9-351
352,V_8-352,V_9-352
353,V_8-353,V_9-353
354,V_8-354,V_9-354
355,V_8-355,V_9-355
356,V_8-356,V_9-356
357,V_8-357,V_9-357
358,V_8-358,V_9-358
359,V_8-359,V_9-359
360,V_8-360,V_9-360
361,V_8-361,V_9-361
362,V_8-362,V_9-362
363,V_8-363,V_9-363
364,V_8-364,V_9-364
365,V_8-365,V_9-365
366,V_8-366,V_9-366
367,V_8-367,V_9-367
368,V_8-368,V_9-368
369,V_8-369,V_9-369
370,V_8-370,V_9-370
371,V_8-371,V_9-371
372,V_8-372,V_9-372
373,V_8-373,V_9-373
374,V_8-374,V_9-374
375,V_8-375,V_9-375
376,V_8-376,V_9-376
377,V_8-377,V_9-377
378,V_8-378,V_9-378
379,V_8-379,V_9-379
380,V_8-380,V_9-380
381,V_8-381,V_9-381
382,V_8-382,V_9-382
383,V_8-383,V_9-383
384,V_8-384,V_9-384
385,V_8-385,V_9-385
386,V_8-386,V_9-386
387,V_8-387,V_9-387
388,V_8-388,V_9-388
389,V_8-389,V_9-389
390,V_8-390,V_9-390
391,V_8-391,V_9-391
392,V_8-392,V_9-392
393,V_8-393,V_9-393
394,V_8-394,V_9-394
395,V_8-395,V_9-395
396,V_8-396,V_9-396
397,V_8-397,V_9-397
398,V_8-398,V_9-398
399,V_8-399,V_9-399
400,V_8-400,V_9-400
401,V_8-401,V_9-401
402,V_8-402,V_9-402
403,V_8-403,V_9-403
404,V_8-404,V_9-404
405,V_8-405,V_9-405
406,V_8-406,V_9-406
407,V_8-407,V_9-407
408,V_8-408,V_9-408
409,V_8-409,V_9-409
410,V_8-410,V_9-410
411,V_8-411,V_9-411
412,V_8-412,V_9-412
413,V_8-413,V_9-413
414,V_8-414,V_9-414
415,V_8-415,V_9-415
416,V_8-416,V_9-416
417,V_8-417,V_9-417
418,V_8-418,V_9-418
419,V_8-419,V_9-419
420,V_8-420,V_9-420
421,V_8-421,V_9-421
422,V_8-422,V_9-422
423,V_8-423,V_9-423
424,V_8-424,V_9-424
425,V_8-425,V_9-425
426,V_8-426,V_9-426
427,V_8-427,V_9-427
428,V_8-428,V_9-428
429,V_8-429,V_9-429
430,V_8-430,V_9-430
431,V_8-431,V_9-431
432,V_8-432,V_9-432
433,V_8-433,V_9-433
434,V_8-434,V_9-434
435,V_8-435,V_9-435
436,V_8-436,V_9-436
437,V_8-437,V_9-437
438,V_8-438,V_9-438
439,V_8-439,V_9-439
440,V_8-440,V_9-440
441,V_8-441,V_9-441
442,V_8-442,V_9-442
443,V_8-443,V_9-443
444,V_8-444,V_9-444
445,V_8-445,V_9-445
446,V_8-446,V_9-446
447,V_8-447,V_9-447
448,V_8-448,V_9-448
449,V_8-449,V_9-449
450,V_8-450,V_9-450
451,V_8-451,V_9-451
452,V_8-452,V_9-452
453,V_8-453,V_9-453
454,V_8-454,V_9-454
455,V_8-455,V_9-455
456,V_8-456,V_9-456
457,V_8-457,V_9-457
458,V_8-458,V_9-458
459,V_8-459,V_9-459
460,V_8-460,V_9-460
461,V_8-461,V_9-461
462,V_8-462,V_9-462
463,V_8-463,V_9-463
464,V_8-464,V_9-464
465,V_8-465,V_9-465
466,V_8-466,V_9-466
467,V_8-467,V_9-467
468,V_8-468,V_9-468
469,V_8-469,V_9-469
470,V_8-470,V_9-470
471,V_8-471,V_9-471
472,V_8-472,V_9-472
473,V_8-473,V_9-473
474,V_8-474,V_9-474
475,V_8-475,V_9-475
476,V_8-476,V_9-476
477,V_8-477,V_9-477
478,V_8-478,V_9-478
479,V_8-479,V_9-479
480,V_8-480,V_9-480
481,V_8-481,V_9-481
482,V_8-482,V_9-482
483,V_8-483,V_9-483
484,V_8-484,V_9-484
485,V_8-485,V_9-485
486,V_8-486,V_9-486
487,V_8-487,V_9-487
488,V_8-488,V_9-488
489,V_8-489,V_9-489
490,V_8-490,V_9-490
491,V_8-491,V_9-491
492,V_8-492,V_9-492
493,V_8-493,V_9-493
494,V_8-494,V_9-494
495,V_8-495,V_9-495
496,V_8-496,V_9-496
497,V_8-497,V_9-497
498,V_8-498,V_9-498
499,V_8-499,V_9-499
500,V_8-500,V_9-500
501,V_8-501,V_9-501
502,V_8-502,V_9-502
503,V_8-503,V_9-503
504,V_8-504,V_9-504
505,V_8-505,V_9-505
506,V_8-506,V_9-506
507,V_8-507,V_9-507
508,V_8-508,V_9-508
509,V_8-509,V_9-509
510,V_8-510,V_9-510
511,V_8-511,V_9-511
512,V_8-512,V_9-512
513,V_8-513,V_9-513
514,V_8-514,V_9-514
515,V_8-515,V_9-515
516,V_8-516,V_9-516
517,V_8-517,V_9-517
518,V_8-518,V_9-518
519,V_8-519,V_9-519
520,V_8-520,V_9-520
521,V_8-521,V_9-521
522,V_8-522,V_9-522
523,V_8-523,V_9-523
524,V_8-524,V_9-524
525,V_8-525,V_9-525
526,V_8-526,V_9-526
527,V_8-527,V_9-527
528,V_8-528,V_9-528
529,V_8-529,V_9-529
530,V_8-530,V_9-530
531,V_8-531,V_9-531
532,V_8-532,V_9-532
533,V_8-533,V_9-533
534,V_8-534,V_9-534
535,V_8-535,V_9-535
536,V_8-536,V_9-536
537,V_8-537,V_9-537
538,V_8-538,V_9-538
539,V_8-539,V_9-539
540,V_8-540,V_9-540
541,V_8-541,V_9-541
542,V_8-542,V_9-542
543,V_8-543,V_9-543
544,V_8-544,V_9-544
545,V_8-545,V_9-545
546,V_8-546,V_9-546
547,V_8-547,V_9-547
548,V_8-548,V_9-548
549,V_8-549,V_9-549
550,V_8-550,V_9-550
551,V_8-551,V_9-551
552,V_8-552,V_9-552
553,V_8-553,V_9-553
554,V_8-554,V_9-554
555,V_8-555,V_9-555
556,V_8-556,V_9-556
557,V_8-557,V_9-557
558,V_8-558,V_9-558
559,V_8-559,V_9-559
560,V_8-560,V_9-560
561,V_8-561,V_9-561
562,V_8-562,V_9-562
563,V_8-563,V_9-563
564,V_8-564,V_9-564
565,V_8-565,V_9-565
566,V_8-566,V_9-566
567,V_8-567,V_9-567
568,V_8-568,V_9-568
569,V_8-569,V_9-569
570,V_8-570,V_9-570
571,V_8-571,V_9-571
572,V_8-572,V_9-572
573,V_8-573,V_9-573
574,V_8-574,V_9-574
575,V_8-575,V_9-575
576,V_8-576,V_9-576
577,V_8-577,V_9-577
578,V_8-578,V_9-578
579,V_8-579,V_9-579
580,V_8-580,V_9-580
581,V_8-581,V_9-581
582,V_8-582,V_9-582
583,V_8-583,V_9-583
584,V_8-584,V_9-584
585,V_8-585,V_9-585
586,V_8-586,V_9-586
587,V_8-587,V_9-587
588,V_8-588,V_9-588
589,V_8-589,V_9-589
590,V_8-590,V_9-590
591,V_8-591,V_9-591
592,V_8-592,V_9-592
593,V_8-593,V_9-593
594,V_8-594,V_9-594
595,V_8-595,V_9-595
596,V_8-596,V_9-596
597,V_8-597,V_9-597
598,V_8-598,V_9-598
599,V_8-599,V_9-599
600,V_8-600,V_9-600
601,V_8-601,V_9-601
602,V_8-602,V_9-602
603,V_8-603,V_9-603
604,V_8-604,V_9-604
605,V_8-605,V_9-605
606,V_8-606,V_9-606
607,V_8-607,V_9-607
608,V_8-608,V_9-608
609,V_8-609,V_9-609
610,V_8-610,V_9-610
611,V_8-611,V_9-611
612,V_8-612,V_9-612
613,V_8-613,V_9-613
614,V_8-614,V_9-614
615,V_8-615,V_9-615
616,V_8-616,V_9-616
617,V_8-617,V_9-617
618,V_8-618,V_9-618
619,V_8-619,V_9-619
620,V_8-620,V_9-620
621,V_8-621,V_9-621
622,V_8-622,V_9-622
623,V_8-623,V_9-623
624,V_8-624,V_9-624
625,V_8-625,V_9-625
626,V_8-626,V_9-626
627,V_8-627,V_9-627
628,V_8-628,V_9-628
629,V_8-629,V_9-629
630,V_8-630,V_9-630
631,V_8-631,V_9-631
632,V_8-632,V_9-632
633,V_8-633,V_9-633
634,V_8-634,V_9-634
635,V_8-635,V_9-635
636,V_8-636,V_9-636
637,V_8-637,V_9-637
638,V_8-638,V_9-638
639,V_8-639,V_9-639
640,V_8-640,V_9-640
641,V_8-641,V_9-641
642,V_8-642,V_9-642
643,V_8-643,V_9-643
644,V_8-644,V_9-644
645,V_8-645,V_9-645
646,V_8-646,V_9-646
647,V_8-647,V_9-647
648,V_8-648,V_9-648
649,V_8-649,V_9-649
650,V_8-650,V_9-650
651,V_8-651,V_9-651
652,V_8-652,V_9-652
653,V_8-653,V_9-653
654,V_8-654,V_9-654
655,V_8-655,V_9-655
656,V_8-656,V_9-656
657,V_8-657,V_9-657
658,V_8-658,V_9-658
659,V_8-659,V_9-659
660,V_8-660,V_9-660
661,V_8-661,V_9-661
662,V_8-662,V_9-662
663,V_8-663,V_9-663
664,V_8-664,V_9-664
665,V_8-665,V_9-665
666,V_8-666,V_9-666
667,V_8-667,V_9-667
668,V_8-668,V_9-668
669,V_8-669,V_9-669
670,V_8-670,V_9-670
671,V_8-671,V_9-671
672,V_8-672,V_9-672
673,V_8-673,V_9-673
674,V_8-674,V_9-674
675,V_8-675,V_9-675
676,V_8-676,V_9-676
677,V_8-677,V_9-677
678,V_8-678,V_9-678
679,V_8-679,V_9-679
680,V_8-680,V_9-680
681,V_8-681,V_9-681
682,V_8-682,V_9-682
683,V_8-683,V_9-683
684,V_8-684,V_9-684
685,V_8-685,V_9-685
686,V_8-686,V_9-686
687,V_8-687,V_9-687
688,V_8-688,V_9-688
689,V_8-689,V_9-689
690,V_8-690,V_9-690
691,V_8-691,V_9-691
692,V_8-692,V_9-692
693,V_8-693,V_9-693
694,V_8-694,V_9-694
695,V_8-695,V_9-695
696,V_8-696,V_9-696
697,V_8-697,V_9-697
698,V_8-698,V_9-698
699,V_8-699,V_9-699
700,V_8-700,V_9-700
701,V_8-701,V_9-701
702,V_8-702,V_9-702
703,V_8-703,V_9-703
704,V_8-704,V_9-704
705,V_8-705,V_9-705
706,V_8-706,V_9-706
707,V_8-707,V_9-707
708,V_8-708,V_9-708
709,V_8-709,V_9-709
710,V_8-710,V_9-710
711,V_8-711,V_9-711
712,V_8-712,V_9-712
713,V_8-713,V_9-713
714,V_8-714,V_9-714
715,V_8-715,V_9-715
716,V_8-716,V_9-716
717,V_8-717,V_9-717
718,V_8-718,V_9-718
719,V_8-719,V_9-719
720,V_8-720,V_9-720
721,V_8-721,V_9-721
722,V_8-722,V_9-722
723,V_8-723,V_9-723
724,V_8-724,V_9-724
725,V_8-725,V_9-725
726,V_8-726,V_9-726
727,V_8-727,V_9-727
728,V_8-728,V_9-728
729,V_8-729,V_9-729
730,V_8-730,V_9-730
731,V_8-731,V_9-731
732,V_8-732,V_9-732
733,V_8-733,V_9-733
734,V_8-734,V_9-734
735,V_8-735,V_9-735
736,V_8-736,V_9-736
737,V_8-737,V_9-737
738,V_8-738,V_9-738
739,V_8-739,V_9-739
740,V_8-740,V_9-740
741,V_8-741,V_9-741
742,V_8-742,V_9-742
743,V_8-743,V_9-743
744,V_8-744,V_9-744
745,V_8-745,V_9-745
746,V_8-746,V_9-746
747,V_8-747,V_9-747
748,V_8-748,V_9-748
749,V_8-749,V_9-749
750,V_8-750,V_9-750
751,V_8-751,V_9-751
752,V_8-752,V_9-752
753,V_8-753,V_9-753
754,V_8-754,V_9-754
755,V_8-755,V_9-755
756,V_8-756,V_9-756
757,V_8-757,V_9-757
758,V_8-758,V_9-758
759,V_8-759,V_9-759
760,V_8-760,V_9-760
761,V_8-761,V_9-761
762,V_8-762,V_9-762
763,V_8-763,V_9-763
764,V_8-764,V_9-764
765,V_8-765,V_9-765
766,V_8-766,V_9-766
767,V_8-767,V_9-767
768,V_8-768,V_9-768
769,V_8-769,V_9-769
770,V_8-770,V_9-770
771,V_8-771,V_9-771
772,V_8-772,V_9-772
773,V_8-773,V_9-773
774,V_8-774,V_9-774
775,V_8-775,V_9-775
776,V_8-776,V_9-776
777,V_8-777,V_9-777
778,V_8-778,V_9-778
779,V_8-779,V_9-779
780,V_8-780,V_9-780
781,V_8-781,V_9-781
782,V_8-782,V_9-782
783,V_8-783,V_9-783
784,V_8-784,V_9-784
785,V_8-785,V_9-785
786,V_8-786,V_9-786
787,V_8-787,V_9-787
788,V_8-788,V_9-788
789,V_8-789,V_9-789
790,V_8-790,V_9-790
791,V_8-791,V_9-791
792,V_8-792,V_9-792
793,V_8-793,V_9-793
794,V_8-794,V_9-794
795,V_8-795,V_9-795
796,V_8-796,V_9-796
797,V_8-797,V_9-797
798,V_8-798,V_9-798
799,V_8-799,V_9-799
800,V_8-800,V_9-800
801,V_8-801,V_9-801
802,V_8-802,V_9-802
803,V_8-803,V_9-803
804,V_8-804,V_9-804
805,V_8-805,V_9-805
806,V_8-806,V_9-806
807,V_8-807,V_9-807
808,V_8-808,V_9-808
809,V_8-809,V_9-809
810,V_8-810,V_9-810
811,V_8-811,V_9-811
812,V_8-812,V_9-812
813,V_8-813,V_9-813
814,V_8-814,V_9-814
815,V_8-815,V_9-815
816,V_8-816,V_9-816
817,V_8-817,V_9-817
818,V_8-818,V_9-818
819,V_8-819,V_9-819
820,V_8-820,V_9-820
821,V_8-821,V_9-821
822,V_8-822,V_9-822
823,V_8-823,V_9-823
824,V_8-824,V_9-824
825,V_8-825,V_9-825
826,V_8-826,V_9-826
827,V_8-827,V_9-827
828,V_8-828,V_9-828
829,V_8-829,V_9-829
830,V_8-830,V_9-830
831,V_8-831,V_9-831
832,V_8-832,V_9-832
833,V_8-833,V_9-833
834,V_8-834,V_9-834
835,V_8-835,V_9-835
836,V_8-836,V_9-836
837,V_8-837,V_9-837
838,V_8-838,V_9-838
839,V_8-839,V_9-839
840,V_8-840,V_9-840
841,V_8-841,V_9-841
842,V_8-842,V_9-842
843,V_8-843,V_9-843
844,V_8-844,V_9-844
845,V_8-845,V_9-845
846,V_8-846,V_9-846
847,V_8-847,V_9-847
848,V_8-848,V_9-848
849,V_8-849,V_9-849
850,V_8-850,V_9-850
851,V_8-851,V_9-851
852,V_8-852,V_9-852
853,V_8-853,V_9-853
854,V_8-854,V_9-854
855,V_8-855,V_9-855
856,V_8-856,V_9-856
857,V_8-857,V_9-857
858,V_8-858,V_9-858
859,V_8-859,V_9-859
860,V_8-860,V_9-860
861,V_8-861,V_9-861
862,V_8-862,V_9-862
863,V_8-863,V_9-863
864,V_8-864,V_9-864
865,V_8-865,V_9-865
866,V_8-866,V_9-866
867,V_8-867,V_9-867
868,V_8-868,V_9-868
869,V_8-869,V_9-869
870,V_8-870,V_9-870
871,V_8-871,V_9-871
872,V_8-872,V_9-872
873,V_8-873,V_9-873
874,V_8-874,V_9-874
875,V_8-875,V_9-875
876,V_8-876,V_9-876
877,V_8-877,V_9-877
878,V_8-878,V_9-878
879,V_8-879,V_9-879
880,V_8-880,V_9-880
881,V_8-881,V_9-881
882,V_8-882,V_9-882
883,V_8-883,V_9-883
884,V_8-884,V_9-884
885,V_8-885,V_9-885
886,V_8-886,V_9-886
887,V_8-887,V_9-887
888,V_8-888,V_9-888
889,V_8-889,V_9-889
890,V_8-890,V_9-890
891,V_8-891,V_9-891
892,V_8-892,V_9-892
893,V_8-893,V_9-893
894,V_8-894,V_9-894
895,V_8-895,V_9-895
896,V_8-896,V_9-896
897,V_8-897,V_9-897
898,V_8-898,V_9-898
899,V_8-899,V_9-899
900,V_8-900,V_9-900
901,V_8-901,V_9-901
902,V_8-902,V_9-902
903,V_8-903,V_9-903
904,V_8-904,V_9-904
905,V_8-905,V_9-905
906,V_8-906,V_9-906
907,V_8-907,V_9-907
908,V_8-908,V_9-908
909,V_8-909,V_9-909
910,V_8-910,V_9-910
911,V_8-911,V_9-911
912,V_8-912,V_9-912
913,V_8-913,V_9-913
914,V_8-914,V_9-914
915,V_8-915,V_9-915
916,V_8-916,V_9-916
917,V_8-917,V_9-917
918,V_8-918,V_9-918
919,V_8-919,V_9-919
920,V_8-920,V_9-920
921,V_8-921,V_9-921
922,V_8-922,V_9-922
923,V_8-923,V_9-923
924,V_8-924,V_9-924
925,V_8-925,V_9-925
926,V_8-926,V_9-926
927,V_8-927,V_9-927
928,V_8-928,V_9-928
929,V_8-929,V_9-929
930,V_8-930,V_9-930
931,V_8-931,V_9-931
932,V_8-932,V_9-932
933,V_8-933,V_9-933
934,V_8-934,V_9-934
935,V_8-935,V_9-935
936,V_8-936,V_9-936
937,V_8-937,V_9-937
938,V_8-938,V_9-938
939,V_8-939,V_9-939
940,V_8-940,V_9-940
941,V_8-941,V_9-941
942,V_8-942,V_9-942
943,V_8-943,V_9-943
944,V_8-944,V_9-944
945,V_8-945,V_9-945
946,V_8-946,V_9-946
947,V_8-947,V_9-947
948,V_8-948,V_9-948
949,V_8-949,V_9-949
950,V_8-950,V_9-950
951,V_8-951,V_9-951
952,V_8-952,V_9-952
953,V_8-953,V_9-953
954,V_8-954,V_9-954
955,V_8-955,V_9-955
956,V_8-956,V_9-956
957,V_8-957,V_9-957
958,V_8-958,V_9-958
959,V_8-959,V_9-959
960,V_8-960,V_9-960
961,V_8-961,V_9-961
962,V_8-962,V_9-962
963,V_8-963,V_9-963
964,V_8-964,V_9-964
965,V_8-965,V_9-965
966,V_8-966,V_9-966
967,V_8-967,V_9-967
968,V_8-968,V_9-968
969,V_8-969,V_9-969
970,V_8-970,V_9-970
971,V_8-971,V_9-971
972,V_8-972,V_9-972
973,V_8-973,V_9-973
974,V_8-974,V_9-974
975,V_8-975,V_9-975
976,V_8-976,V_9-976
977,V_8-977,V_9-977
978,V_8-978,V_9-978
979,V_8-979,V_9-979
980,V_8-980,V_9-980
981,V_8-981,V_9-981
982,V_8-982,V_9-982
983,V_8-983,V_9-983
984,V_8-984,V_9-984
985,V_8-985,V_9-985
986,V_8-986,V_9-986
987,V_8-987,V_9-987
988,V_8-988,V_9-988
989,V_8-989,V_9-989
990,V_8-990,V_9-990
991,V_8-991,V_9-991
992,V_8-992,V_9-992
993,V_8-993,V_9-993
994,V_8-994,V_9-994
995,V_8-995,V_9-995
996,V_8-996,V_9-996
997,V_8-997,V_9-997
998,V_8-998,V_9-998
999,V_8-999,V_9-999
1000,V_8-1000,V_9-1000
